date,close,volume,open,high,low
10/07/2019,33.79,60388440,33.56,34.03,33.36
09/07/2019,33.15,61419770,31.76,33.18,31.71
08/07/2019,32.04,49689400,31.8,32.15,31.26
05/07/2019,31.5,34011870,30.88,31.56,30.75
03/07/2019,31.19,23462000,31.13,31.33,30.74
02/07/2019,31.24,37721680,30.96,31.26,30.73
01/07/2019,31.2,60525530,31.79,32.04,30.87
28/06/2019,30.37,50090930,31.08,31.11,30.33
27/06/2019,30.74,55623310,30.41,30.96,30.21
26/06/2019,29.92,65064200,29.98,30.48,29.78
25/06/2019,28.86,53680890,29.26,29.72,28.8
24/06/2019,29.26,55724830,29.32,29.4,28.67
21/06/2019,29.1,81861320,29.65,30.35,28.97
20/06/2019,30.01,72418160,31.24,31.36,29.84
19/06/2019,30.5,63233940,30.665,30.79,30.06
18/06/2019,30.45,86444540,29.76,30.97,29.58
17/06/2019,29.2,70865740,30.25,30.45,29.18
14/06/2019,30.36,70373020,30.7,30.96,30.02
13/06/2019,31.39,63555990,32.39,32.5,31.06
12/06/2019,32.18,56298670,32,32.57,31.92
11/06/2019,32.41,82834910,33.43,33.49,31.82
10/06/2019,33.23,97668790,33.53,34.3,33.08
07/06/2019,32.41,86841100,31.94,32.6,31.57
06/06/2019,31.82,131267800,29.87,31.98,29.84
05/06/2019,29.5,79481540,29.93,29.99,29.03
04/06/2019,29.57,107549500,28.39,29.59,27.91
03/06/2019,27.58,147532200,28.75,29.62,27.29
31/05/2019,27.41,68667810,27.57,28.36,27.4
30/05/2019,28.03,65289090,28.4,28.56,27.6
29/05/2019,28.09,99969600,29,29.32,27.73
28/05/2019,29.03,146949600,27.27,29.67,27.06
24/05/2019,26.44,39835790,26.61,26.925,26.4
23/05/2019,26.36,67809150,26.99,27.1,26.03
22/05/2019,27.41,40035290,27.12,27.59,27.07
21/05/2019,27.35,46079180,27.18,27.37,26.93
20/05/2019,26.68,69757400,26.98,27.24,26.49
17/05/2019,27.5,65385350,27.69,28.46,27.4
16/05/2019,28.01,67330060,27.37,28.37,27.2699
15/05/2019,27.58,55689870,26.87,27.79,26.73
14/05/2019,27.32,82980400,26.53,27.48,26.15
13/05/2019,26.24,99017890,26.98,27.23,26.1
10/05/2019,27.96,82930140,27.03,28.1,26.93
09/05/2019,27.21,73150880,26.7,27.38,26.03
08/05/2019,27.09,65967540,26.41,27.71,26.27
07/05/2019,26.66,75868820,27.2,27.35,26.21
06/05/2019,27.42,70344090,26.72,27.5,26.45
03/05/2019,28.22,55503060,28.3,28.4201,27.66
02/05/2019,28.29,100514800,26.94,28.64,26.61
01/05/2019,26.81,136066900,28.95,29.15,26.78
30/04/2019,27.63,68499770,27.59,27.8,26.94
29/04/2019,27.69,44265600,27.9,28.14,27.5
26/04/2019,27.88,48736860,27.66,27.9,27.05
25/04/2019,27.66,56709000,28.67,28.86,27.36
24/04/2019,28.46,51487330,28.1,28.85,27.93
23/04/2019,27.97,41583740,28.18,28.49,27.79
22/04/2019,28.18,36400850,27.62,28.23,27.39
18/04/2019,27.68,39814790,27.6,27.88,27.34
17/04/2019,27.49,48154690,28.21,28.27,27.22
16/04/2019,27.93,47212740,27.72,28.18,27.49
15/04/2019,27.33,40739300,27.8,27.84,26.96
12/04/2019,27.85,40957900,28.21,28.38,27.66
11/04/2019,27.79,44616360,27.81,28.05,27.46
10/04/2019,27.83,64160940,27.46,28.12,27.32
09/04/2019,27.24,75260050,28.24,28.38,27.19
08/04/2019,28.53,57868370,28.69,28.95,28.18
05/04/2019,28.98,65521490,29.64,29.69,28.8
04/04/2019,29.09,82049300,28.88,29.385,28.61
03/04/2019,29.02,197043700,28.02,29.9498,27.88
02/04/2019,26.75,52823610,26.51,26.8,26.09
01/04/2019,26.36,62824700,26.42,26.555,25.83
29/03/2019,25.52,53314640,25.58,25.73,25.25
28/03/2019,25.06,64508920,25.1,25.56,24.65
27/03/2019,24.89,88468390,25.7,25.88,24.55
26/03/2019,25.69,75291650,26.69,26.98,25.46
25/03/2019,25.97,78295460,26.29,26.99,25.54
22/03/2019,26.37,114991600,27.54,27.75,26.33
21/03/2019,27.89,127895100,25.78,28.11,25.71
20/03/2019,25.7,150947000,26.49,26.88,25.31
19/03/2019,26,154214600,23.6,26.08,23.59
18/03/2019,23.25,34636110,23.3,23.62,23.04
15/03/2019,23.29,46445110,23.1,23.65,23.01
14/03/2019,22.82,42707330,23.37,23.49,22.8
13/03/2019,23.38,56399350,23.66,24.15,23.35
12/03/2019,23.49,56261330,23.1,23.795,22.78
11/03/2019,22.96,54114630,22.15,23.075,21.98
08/03/2019,22.01,49856070,21.35,22.085,21.035
07/03/2019,22.08,51971070,22.33,22.4101,21.73
06/03/2019,22.41,60328940,23.47,23.53,22.4
05/03/2019,23.5,35300270,23.34,23.68,23.01
04/03/2019,23.37,47986840,23.89,24.13,23.01
01/03/2019,23.68,45049370,23.97,24.19,23.45
28/02/2019,23.53,38578940,23.21,23.67,23.11
27/02/2019,23.48,62265120,24.11,24.2299,23.21
26/02/2019,24.21,44622530,24.65,24.72,24.15
25/02/2019,24.71,62932710,25.01,25.52,24.68
22/02/2019,24.36,52444420,24.05,24.36,23.88
21/02/2019,23.92,49488120,24.04,24.33,23.85
20/02/2019,23.95,56690950,24.14,24.37,23.9
19/02/2019,23.95,57323750,23.625,24.405,23.605
15/02/2019,23.68,78499180,23.58,24.05,23.2
14/02/2019,23.13,63934490,22.74,23.37,22.59
13/02/2019,22.85,57294230,22.98,23.24,22.7138
12/02/2019,22.82,67318410,23.43,23.56,22.75
11/02/2019,22.96,60387870,23.05,23.2827,22.66
08/02/2019,23.05,77101180,22.33,23.28,22.27
07/02/2019,22.67,86449170,22.99,23.22,22.32
06/02/2019,23.26,78457780,23.63,24.14,23.22
05/02/2019,23.31,121159200,23.42,23.86,22.98
04/02/2019,24.13,69846670,24.43,24.66,24.07
01/02/2019,24.51,105173100,24.61,24.84,24.065
31/01/2019,24.41,181877200,23.02,25.14,22.83
30/01/2019,23.09,210777100,21.49,23.13,21.37
29/01/2019,19.25,126418900,20.26,20.39,19.05
28/01/2019,20.18,134743600,20.315,21.01,20.02
25/01/2019,21.93,110161400,20.99,22.03,20.79
24/01/2019,20.85,96329090,20.06,21.01,20.04
23/01/2019,19.8,77542570,20.03,20.48,19.55
22/01/2019,19.76,78292580,20.48,20.9199,19.7
18/01/2019,20.77,87971230,20.37,21.05,20.02
17/01/2019,20.25,84502560,19.49,20.51,19.02
16/01/2019,19.73,70533680,20.4,20.54,19.71
15/01/2019,20.38,62548940,20.44,20.68,20.26
14/01/2019,20.23,71053050,19.96,20.62,19.75
11/01/2019,20.27,84972130,19.47,20.35,19.19
10/01/2019,19.74,115286200,19.76,19.8342,18.9
09/01/2019,20.19,163680500,20.89,21.44,20.07
08/01/2019,20.75,117593000,21.19,21.2,19.68
07/01/2019,20.57,106684100,19.44,20.68,19
04/01/2019,19,111510800,17.55,19.07,17.43
03/01/2019,17.05,117014500,18.42,18.68,16.94
02/01/2019,18.83,86497360,18.01,19,17.98
31/12/2018,18.46,84461870,18.15,18.5101,17.85
28/12/2018,17.82,108590900,17.53,18.31,17.135
27/12/2018,17.49,110853500,17.43,17.74,16.44
26/12/2018,17.9,108498500,16.88,17.91,16.03
24/12/2018,16.65,62933130,16.52,17.2199,16.37
21/12/2018,16.93,129562600,18.12,18.34,16.76
20/12/2018,17.94,119056000,18.11,18.86,17.34
19/12/2018,18.16,120303700,19.44,19.72,18
18/12/2018,19.5,101088300,19.15,19.84,18.88
17/12/2018,18.83,115048600,20.01,20.025,18.635
14/12/2018,19.9,84614800,19.58,20.7,19.52
13/12/2018,19.86,87940320,20.63,20.865,19.76
12/12/2018,20.48,100056400,20.32,21.02,19.71
11/12/2018,19.98,87817520,20.71,21.14,19.69
10/12/2018,19.99,77641220,19.35,20.13,19.27
07/12/2018,19.46,105527100,21.3,21.3799,19.17
06/12/2018,21.3,103133300,20.22,21.41,20.06
04/12/2018,21.12,127013600,23.35,23.42,21.07
03/12/2018,23.71,139093500,22.48,23.75,22.37
30/11/2018,21.3,82106130,21.3,21.36,20.52
29/11/2018,21.43,79662780,21.19,21.61,20.73
28/11/2018,21.34,134198200,21.82,21.88,20.18
27/11/2018,21.05,118771800,19.77,21.45,19.73
26/11/2018,20.08,82892900,19.96,20.19,19.1101
23/11/2018,19.38,54611300,18.61,19.83,18.56
21/11/2018,18.73,81455560,20.05,20.31,18.5
20/11/2018,19.21,109673200,17.4,19.58,17.18
19/11/2018,19.11,93169460,20.4,20.59,19.09
16/11/2018,20.66,112179200,19.87,20.97,19.72
15/11/2018,21.49,96460050,20.72,21.77,20.42
14/11/2018,20.81,106138800,20.18,21.11,19.7599
13/11/2018,19.61,75852920,19.28,20.02,18.97
12/11/2018,19.03,95665980,20.68,20.85,18.8
09/11/2018,21.03,85769210,20.77,21.19,20.11
08/11/2018,21.2,92265540,21.77,22.08,20.97
07/11/2018,21.84,120899500,21.42,22.2235,21.07
06/11/2018,20.68,144761700,19.5,21.65,19.48
05/11/2018,19.9,107776700,20.12,20.18,18.88
02/11/2018,20.23,123512800,20.59,21.06,19.47
01/11/2018,20.22,136010400,18.41,20.33,18.08
31/10/2018,18.21,110330500,17.87,18.34,17.12
30/10/2018,17.2,98693880,16.38,17.24,16.17
29/10/2018,16.85,94204080,18.21,18.23,16.27
26/10/2018,17.63,119447300,18.49,18.78,17.05
25/10/2018,19.27,188496800,17.92,20.15,17.72
24/10/2018,22.79,125703600,25.04,25.1,22.75
23/10/2018,25.09,101347900,24.18,25.26,23.85
22/10/2018,25.03,113831100,24.46,25.64,24.0901
19/10/2018,23.66,130523600,27.03,27.1,23.6
18/10/2018,26.62,79456530,27.08,27.75,26.4
17/10/2018,27.3,89300800,28.41,28.53,26.9199
16/10/2018,28.18,92170210,26.63,28.23,26.17
15/10/2018,26.26,70325660,26.38,26.77,25.75
12/10/2018,26.34,110862700,26.77,26.9697,25.67
11/10/2018,25.3,146516800,24.74,26.2,24.55
10/10/2018,25,146250000,27.38,27.4,24.91
09/10/2018,27.24,105135000,26.15,27.71,26
08/10/2018,26.46,103591300,26.73,27.54,25.96
05/10/2018,27.35,87541090,28.07,28.47,26.93
04/10/2018,27.78,95743030,27.99,28.83,27.37
03/10/2018,28.43,189940600,29.035,29.22,26.54
02/10/2018,29.02,144627000,30.73,30.82,28.65
01/10/2018,31.42,94623810,30.69,31.91,30.25
28/09/2018,30.89,165268800,32.24,32.78,29.98
27/09/2018,32.59,87619620,31.86,32.63,31.39
26/09/2018,32.19,79114970,32.4,32.6,31.72
25/09/2018,32.57,118275300,33.18,33.6,32.19
24/09/2018,32.61,117777200,31.13,32.65,30.91
21/09/2018,31.02,129260500,31.19,32.42,30.91
20/09/2018,31.18,122652200,32.1,32.2,30.64
19/09/2018,31.21,123939700,31.52,31.83,30.51
18/09/2018,31.93,176268000,32.99,33.37,31.2
17/09/2018,32.43,179847400,31.75,33.23,31.6
14/09/2018,32.72,217312000,31.43,33.09,30.54
13/09/2018,30.48,302743600,33.16,34.14,29.87
12/09/2018,32.21,196501400,29.91,32.29,29.45
11/09/2018,30.1,159043200,30.02,30.59,29.37
10/09/2018,29.89,161809900,28.15,29.925,27.84
07/09/2018,27.38,123108000,26.96,28.27,26.8
06/09/2018,27.84,143349900,28.12,28.58,27.19
05/09/2018,28.51,256903900,29.41,29.94,26.84
04/09/2018,28.06,191535000,25.62,28.11,25.5675
31/08/2018,25.17,65013800,24.89,25.24,24.72
30/08/2018,24.89,103310600,25.29,25.67,24.76
29/08/2018,25.2,142838100,24.36,25.41,24.01
28/08/2018,25.05,215300400,25.51,26.18,24.04
27/08/2018,25.26,323844500,24.94,27.3,24.6261
24/08/2018,23.98,163473500,22.91,24,22.67
23/08/2018,22.29,111741600,21.19,22.32,21.14
22/08/2018,20.9,61849990,20.28,20.92,20.21
21/08/2018,20.4,54828680,19.98,20.415,19.86
20/08/2018,19.98,62883850,19.79,20.08,19.35
17/08/2018,19.77,60507310,19.12,19.82,18.73
16/08/2018,19.33,69361230,19.86,20.07,19.25
15/08/2018,19.7,86157320,19.86,20.1,19.2
14/08/2018,20.02,88892330,19.97,20.28,19.63
13/08/2018,19.73,81226280,19.16,19.93,19.12
10/08/2018,19.06,65652850,19.09,19.48,18.85
09/08/2018,19.1,46385180,19.58,19.71,19.08
08/08/2018,19.58,51958490,19.46,19.77,19.255
07/08/2018,19.56,72507680,19.53,19.71,19.08
06/08/2018,19.43,83336110,18.89,19.44,18.46
03/08/2018,18.49,53062330,18.94,19.0566,18.37
02/08/2018,18.79,52758040,18.17,18.83,18
01/08/2018,18.48,75305700,18.34,18.95,18.32
31/07/2018,18.33,118105600,19.35,19.5,18.27
30/07/2018,19.42,160260900,19.4,20.18,19.31
27/07/2018,18.94,161643700,19.07,19.88,18.31
26/07/2018,18.35,190642900,17.16,18.45,16.83
25/07/2018,16.05,80578490,16.3,16.39,15.72
24/07/2018,16.19,58080570,16.75,16.86,16.11
23/07/2018,16.66,44866840,16.47,16.68,15.895
20/07/2018,16.5,42867630,16.66,16.88,16.44
19/07/2018,16.71,41147930,16.71,16.88,16.55
18/07/2018,16.85,40791720,16.94,16.99,16.55
17/07/2018,16.87,42185430,16.5,16.88,16.48
16/07/2018,16.58,64916850,16.42,17,16.41
13/07/2018,16.27,40607950,16.68,16.69,16.22
12/07/2018,16.56,44077820,16.41,16.79,16.38
11/07/2018,16.27,42439080,16.15,16.53,16.02
10/07/2018,16.55,36698850,16.59,16.65,16.31
09/07/2018,16.61,58455450,16.73,16.84,16.17
06/07/2018,16.36,65039470,15.52,16.39,15.48
05/07/2018,15.5,40538700,15.13,15.5,15.02
03/07/2018,15,32094030,15.21,15.34,14.96
02/07/2018,15.16,43311830,14.8,15.18,14.74
29/06/2018,14.99,41410390,15.41,15.49,14.98
28/06/2018,15.31,48655280,14.85,15.36,14.75
27/06/2018,14.97,55904660,15.65,15.76,14.96
26/06/2018,15.5,54113220,15.32,15.6,15.1
25/06/2018,15.11,94289130,15.64,15.74,14.54
22/06/2018,15.8,59200310,15.78,15.91,15.56
21/06/2018,15.65,95440270,16.65,16.87,15.46
20/06/2018,16.52,76161740,16.83,17.13,16.37
19/06/2018,16.69,92438260,16.85,17.29,16.31
18/06/2018,17.11,103906800,16.18,17.34,16.13
15/06/2018,16.34,77526520,16.06,16.52,15.82
14/06/2018,16.25,112862500,16.62,16.79,15.58
13/06/2018,16.32,89738020,15.81,16.52,15.78
12/06/2018,15.85,66691810,15.84,15.95,15.43
11/06/2018,15.73,80610500,15.21,15.89,15.01
08/06/2018,15.25,81834940,14.52,15.33,14.31
07/06/2018,14.89,99561050,15.83,15.97,14.85
06/06/2018,15.67,96957660,15.07,15.74,15.04
05/06/2018,14.85,56008480,14.85,14.9185,14.63
04/06/2018,14.85,74382450,14.76,14.98,14.52
01/06/2018,14.4,71452360,13.98,14.4,13.92
31/05/2018,13.73,46699110,13.74,13.93,13.69
30/05/2018,13.82,58109590,13.48,13.95,13.48
29/05/2018,13.36,39402110,13.45,13.63,13.26
25/05/2018,13.54,43797830,13.4,13.72,13.36
24/05/2018,13.41,47324440,13.06,13.43,13.03
23/05/2018,13.1,44440810,12.93,13.18,12.9
22/05/2018,12.98,43211680,13,13.14,12.71
21/05/2018,12.99,49530040,13.25,13.31,12.88
18/05/2018,13,53973530,13.06,13.26,12.91
17/05/2018,12.82,38051070,12.79,12.9,12.66
16/05/2018,12.82,73308040,12.64,12.98,12.62
15/05/2018,12.45,44074970,12.18,12.46,12.16
14/05/2018,12.23,50149830,12.14,12.36,12.11
11/05/2018,11.95,43841960,11.89,12.03,11.69
10/05/2018,12.13,49269010,11.98,12.18,11.95
09/05/2018,11.95,49500430,11.65,11.98,11.57
08/05/2018,11.61,35163600,11.49,11.66,11.4
07/05/2018,11.59,53940250,11.32,11.68,11.3
04/05/2018,11.28,47803850,10.88,11.29,10.8701
03/05/2018,10.93,33257430,10.902,11.06,10.83
02/05/2018,10.97,29193300,11.1,11.155,10.97
01/05/2018,11.13,43360090,10.83,11.15,10.77
30/04/2018,10.88,50529070,11.055,11.14,10.87
27/04/2018,11.11,74265930,11.2,11.36,11.02
26/04/2018,11.04,144894800,10.87,11.19,10.61
25/04/2018,9.71,85940620,10.06,10.09,9.56
24/04/2018,10.09,44886420,10.19,10.35,9.95
23/04/2018,10.04,42906640,10.09,10.19,9.97
20/04/2018,9.99,38868090,10.05,10.14,9.95
19/04/2018,10.11,57742160,10.18,10.3284,9.99
18/04/2018,10.36,42247940,10.51,10.65,10.33
17/04/2018,10.52,45204700,10.28,10.53,10.2
16/04/2018,10.09,28771670,10,10.17,9.9
13/04/2018,9.93,38889900,10.2,10.22,9.88
12/04/2018,10.08,47715150,9.98,10.1,9.82
11/04/2018,9.82,28994160,9.87,10.03,9.79
10/04/2018,9.98,42889140,9.75,10.04,9.71
09/04/2018,9.53,38237650,9.75,9.84,9.52
06/04/2018,9.61,51021630,9.83,10.1,9.5
05/04/2018,10.02,65373470,10.05,10.2,9.91
04/04/2018,9.77,67067670,9.08,9.81,9.04
03/04/2018,9.55,54856380,9.63,9.77,9.3
02/04/2018,9.53,64737130,9.99,10.14,9.51
29/03/2018,10.05,48585690,9.94,10.08,9.81
28/03/2018,9.81,64698640,9.99,10.1689,9.79
27/03/2018,10,68458540,10.51,10.59,9.9
26/03/2018,10.44,75688790,10.71,10.8,10.18
23/03/2018,10.63,54759180,10.91,10.97,10.57
22/03/2018,10.91,59811510,11.1,11.26,10.85
21/03/2018,11.26,44650310,11.16,11.34,11.11
20/03/2018,11.11,64888650,11.41,11.52,11
19/03/2018,11.43,53221710,11.41,11.74,11.351
16/03/2018,11.47,37538020,11.49,11.55,11.32
15/03/2018,11.46,63112840,11.43,11.55,11.19
14/03/2018,11.36,80209850,11.7,11.72,11.26
13/03/2018,11.64,174114400,11.5,12.035,11.095
12/03/2018,11.52,83545210,11.76,11.82,11.48
09/03/2018,11.7,89440590,12.03,12.0392,11.58
08/03/2018,11.97,75963420,12.395,12.59,11.74
07/03/2018,12.24,127314100,11.58,12.82,11.55
06/03/2018,11.76,45831700,12.01,12.045,11.71
05/03/2018,11.91,43673270,11.69,12.055,11.61
02/03/2018,11.81,57956290,11.67,11.93,11.43
01/03/2018,11.9,62981050,12.26,12.27,11.66
28/02/2018,12.11,43293160,12.66,12.73,12.1
27/02/2018,12.53,55817200,12.43,12.88,12.39
26/02/2018,12.42,42103360,12.14,12.43,12.05
23/02/2018,12.07,33161500,11.95,12.16,11.94
22/02/2018,11.84,37824310,11.82,11.995,11.63
21/02/2018,11.72,40069650,12.12,12.12,11.72
20/02/2018,12.02,46848120,11.72,12.19,11.71
16/02/2018,11.82,47240490,12.11,12.225,11.82
15/02/2018,12.19,57714520,12.4,12.625,12.07
14/02/2018,12.2,51695890,11.72,12.31,11.63
13/02/2018,11.78,32379740,11.6,11.82,11.53
12/02/2018,11.68,62932090,11.47,11.8,11.43
09/02/2018,11.31,85316260,11.54,11.57,10.63
08/02/2018,11.22,56168660,11.72,11.85,11.21
07/02/2018,11.6,55582730,11.7,11.9,11.53
06/02/2018,11.65,86285130,11.04,11.74,11
05/02/2018,11.57,116095400,12.05,12.18,10.93
02/02/2018,12.45,79195600,13.05,13.06,12.43
01/02/2018,13.25,67171010,13.62,13.84,13.21
31/01/2018,13.74,140571100,13.24,13.85,13.15
30/01/2018,12.87,87660690,13.12,13.27,12.69
29/01/2018,13.32,66232190,13.13,13.47,13.05
26/01/2018,12.95,43709320,12.7,12.95,12.62
25/01/2018,12.41,42555860,12.78,12.94,12.32
24/01/2018,12.71,41857520,13.02,13.05,12.6
23/01/2018,12.94,46348240,12.82,12.995,12.76
22/01/2018,12.65,34649300,12.61,12.74,12.37
19/01/2018,12.59,46279510,12.56,12.88,12.54
18/01/2018,12.47,62003200,12.18,12.68,12.15
17/01/2018,12.18,38917310,11.9,12.19,11.82
16/01/2018,11.91,41879890,12.05,12.2,11.8
12/01/2018,12.02,46991180,11.82,12.07,11.8
11/01/2018,12.14,37051170,12.07,12.19,11.9001
10/01/2018,11.96,52335790,11.63,12.15,11.56
09/01/2018,11.82,62426620,12,12.02,11.71
08/01/2018,12.28,63143340,12.01,12.3,11.85
05/01/2018,11.88,63635850,12.19,12.22,11.66
04/01/2018,12.12,109288400,12.095,12.43,11.97
03/01/2018,11.55,153162800,11.61,12.14,11.36
02/01/2018,10.98,43830470,10.42,11.02,10.34
29/12/2017,10.28,26607910,10.57,10.58,10.27
28/12/2017,10.55,18542550,10.57,10.64,10.43
27/12/2017,10.53,22851820,10.45,10.74,10.4
26/12/2017,10.46,20411300,10.38,10.579,10.34
22/12/2017,10.54,50679050,10.75,10.77,10.2
21/12/2017,10.89,21839960,10.98,11.0793,10.87
20/12/2017,10.98,31370190,11.1,11.18,10.8
19/12/2017,10.95,43674640,11,11.19,10.87
18/12/2017,10.98,63690700,10.6,11,10.51
15/12/2017,10.29,45424770,10.13,10.32,10.02
14/12/2017,10.13,28970230,10.1,10.17,9.96
13/12/2017,10.11,41379990,9.97,10.21,9.95
12/12/2017,9.9,36120990,10.13,10.14,9.88
11/12/2017,10.16,29898330,9.97,10.16,9.96
08/12/2017,9.94,34834780,10.15,10.2,9.92
07/12/2017,10.04,32532050,10.071,10.19,9.95
06/12/2017,10,38592990,9.9,10.05,9.71
05/12/2017,9.91,67167770,9.89,10.34,9.7
04/12/2017,10.03,97133350,10.85,10.86,9.82
01/12/2017,10.73,42079680,10.81,10.97,10.53
30/11/2017,10.89,43105690,10.87,11.03,10.76
29/11/2017,10.83,63241920,11.08,11.17,10.73
28/11/2017,11.17,65215400,11.45,11.54,11
27/11/2017,11.55,41766090,11.34,11.74,11.3358
24/11/2017,11.38,11035760,11.38,11.42,11.3
22/11/2017,11.37,23784300,11.41,11.49,11.3
21/11/2017,11.4,31799300,11.421,11.49,11.24
20/11/2017,11.34,35873840,11.47,11.505,11.19
17/11/2017,11.38,56706930,11.3,11.75,11.28
16/11/2017,11.25,31743120,11.13,11.32,11.13
15/11/2017,11.07,33422450,11.01,11.13,10.77
14/11/2017,11.12,37195820,11.03,11.26,11
13/11/2017,11.09,54003220,11.18,11.2,10.92
10/11/2017,11.26,50138710,11.22,11.43,11.115
09/11/2017,11.12,76527680,11.25,11.35,11.03
08/11/2017,11.71,58724490,11.94,11.95,11.51
07/11/2017,12.05,67768030,11.94,12.27,11.92
06/11/2017,11.93,96003560,12.04,12.09,11.64
03/11/2017,11.12,44158040,10.95,11.13,10.82
02/11/2017,10.85,47849240,10.87,10.99,10.66
01/11/2017,10.8,66738370,11.25,11.29,10.72
31/10/2017,10.985,78475980,10.76,11.31,10.69
30/10/2017,10.89,137433400,11.255,11.42,10.65
27/10/2017,11.84,115511000,12.17,12.19,11.35
26/10/2017,12.005,87296580,12.45,12.46,12
25/10/2017,12.33,166405700,12.95,13.13,12.29
24/10/2017,14.25,78891200,14.2,14.36,14.15
23/10/2017,14.1,49695740,13.94,14.19,13.8999
20/10/2017,13.81,32448020,14.03,14.09,13.8
19/10/2017,13.95,33721630,13.85,14.04,13.69
18/10/2017,14.07,38941260,14.2,14.279,13.76
17/10/2017,14.16,28891590,14.24,14.345,14.135
16/10/2017,14.26,34063350,14.25,14.35,14.12
13/10/2017,14.22,37315850,14.32,14.41,14.12
12/10/2017,14.2,69522200,13.85,14.37,13.81
11/10/2017,13.88,38481230,13.62,13.96,13.61
10/10/2017,13.7,43200630,13.72,13.79,13.44
09/10/2017,13.47,53875890,13.26,13.83,13.26
06/10/2017,13.23,28107190,13.22,13.39,13.18
05/10/2017,13.34,34590210,13.38,13.46,13.21
04/10/2017,13.31,42164720,13.31,13.5,13.15
03/10/2017,13.42,84929460,12.73,13.48,12.7
02/10/2017,12.71,34399110,12.8,12.85,12.62
29/09/2017,12.75,33723630,12.765,12.82,12.6
28/09/2017,12.74,35744970,12.76,12.84,12.55
27/09/2017,12.74,59777410,12.65,12.87,12.5
26/09/2017,12.45,68107920,12.85,12.93,12.43
25/09/2017,12.61,83880060,13.25,13.28,12.49
22/09/2017,13.3,50224570,13.2,13.4,13.12
21/09/2017,13.41,166270300,14,14.24,13.32
20/09/2017,13.74,96500450,13.07,13.8,12.8
19/09/2017,13.12,65299220,13.25,13.29,12.88
18/09/2017,13.08,83040320,12.77,13.3,12.74
15/09/2017,12.52,50200410,12.33,12.66,12.31
14/09/2017,12.26,37006760,12.15,12.46,12.11
13/09/2017,12.22,37098230,12.22,12.36,12.12
12/09/2017,12.3,54305240,12.66,12.68,12.213
11/09/2017,12.55,43183050,12.46,12.74,12.4001
08/09/2017,12.25,60714580,12.571,12.61,12.035
07/09/2017,12.63,35711620,12.84,12.94,12.6
06/09/2017,12.86,33989840,13.02,13.08,12.75
05/09/2017,12.92,51472280,12.88,13.18,12.65
01/09/2017,13.19,53073420,13.12,13.485,13.04
31/08/2017,13,51532900,12.82,13.16,12.79
30/08/2017,12.67,43798290,12.19,12.68,12.16
29/08/2017,12.15,33500250,12,12.18,11.93
28/08/2017,12.23,35326790,12.53,12.55,12.16
25/08/2017,12.43,29650370,12.51,12.57,12.25
24/08/2017,12.5,37161680,12.69,12.71,12.39
23/08/2017,12.48,44193270,12,12.535,11.95
22/08/2017,12.17,38946780,12.2,12.33,12.1
21/08/2017,12.05,58786300,12.42,12.42,11.86
18/08/2017,12.37,37456460,12.43,12.555,12.25
17/08/2017,12.34,47219890,12.46,12.65,12.32
16/08/2017,12.63,64491210,13.17,13.19,12.52
15/08/2017,13.02,57802470,13.01,13.14,12.75
14/08/2017,12.76,64296850,12.58,12.845,12.58
11/08/2017,12.23,63432560,12.04,12.39,11.88
10/08/2017,12.12,82513300,12.7,12.92,12.11
09/08/2017,12.83,58777060,12.76,12.89,12.54
08/08/2017,13.11,46944630,13.48,13.55,13.08
07/08/2017,13.43,57354860,13.33,13.57,13.27
04/08/2017,13.12,64084020,13.2,13.36,13.02
03/08/2017,13.24,52390000,13.42,13.52,13.08
02/08/2017,13.37,67313440,13.81,13.93,13.12
01/08/2017,13.71,48878440,13.72,13.86,13.45
31/07/2017,13.61,68989860,14.09,14.22,13.47
28/07/2017,13.95,66561270,13.845,14.1,13.68
27/07/2017,14.12,130072800,14.99,15.04,13.7
26/07/2017,14.76,235590000,15.13,15.65,14.4
25/07/2017,14.11,92517550,14.29,14.32,13.87
24/07/2017,14.16,70752040,14,14.44,13.97
21/07/2017,13.88,50971930,13.7,14.05,13.62
20/07/2017,13.8,47504460,13.61,13.89,13.45
19/07/2017,13.55,51850750,13.62,13.74,13.41
18/07/2017,13.48,78173280,13.29,13.53,13.15
17/07/2017,13.8,71634170,14.03,14.12,13.51
14/07/2017,13.92,82000300,13.46,13.93,13.32
13/07/2017,13.53,111407400,14.33,14.49,13.43
12/07/2017,14.29,78290100,14.17,14.39,13.96
11/07/2017,13.89,70990560,13.77,14.099,13.62
10/07/2017,13.81,78224060,13.61,13.88,13.27
07/07/2017,13.36,88121390,13.27,13.745,13.18
06/07/2017,13.02,88800030,12.94,13.32,12.665
05/07/2017,13.19,99157210,12.36,13.21,12.32
03/07/2017,12.15,39929100,12.57,12.73,12.13
30/06/2017,12.48,59175870,12.57,12.83,12.36
29/06/2017,12.6,87268080,13.06,13.15,12.45
28/06/2017,13.23,84962280,13.65,13.7,13.09
27/06/2017,13.4,89113140,13.76,14.04,13.37
26/06/2017,14.08,100449300,14.39,14.49,13.84
23/06/2017,14.17,200262900,14.15,14.67,13.9
22/06/2017,14.38,149051300,14.1,14.5,13.56
21/06/2017,13.98,188263500,13.36,14.01,13.13
20/06/2017,12.64,117641600,12.19,12.93,12.18
19/06/2017,11.93,61620470,11.63,12.12,11.62
16/06/2017,11.44,59671780,11.66,11.83,11.28
15/06/2017,11.5,61368550,11.34,11.58,11.21
14/06/2017,11.77,51670440,11.91,12.05,11.65
13/06/2017,11.96,87162690,12.33,12.48,11.67
12/06/2017,12.09,125590800,11.75,12.35,11.27
09/06/2017,12.28,167229800,13.1,13.4,11.63
08/06/2017,12.9,89209870,12.81,12.91,12.4
07/06/2017,12.38,150667100,12.42,12.96,12.2348
06/06/2017,12.03,114578700,11.27,12.24,11.24
05/06/2017,11.24,66145900,10.84,11.34,10.8
02/06/2017,10.9,43009550,10.93,10.96,10.565
01/06/2017,10.93,47931740,11.25,11.285,10.81
31/05/2017,11.19,42903690,11.29,11.49,11.1
30/05/2017,11.12,35269030,10.95,11.27,10.9
26/05/2017,11,31853380,10.85,11.02,10.74
25/05/2017,10.98,33492590,11.01,11.01,10.8
24/05/2017,10.89,42949280,11.05,11.06,10.71
23/05/2017,10.89,49703970,10.97,11.055,10.62
22/05/2017,11.04,78616820,11.49,11.55,10.77
19/05/2017,11.41,50232860,11.47,11.62,11.35
18/05/2017,11.275,86807510,10.99,11.49,10.81
17/05/2017,11.2,159885600,11.81,12.2855,11.16
16/05/2017,12.75,160810600,11.66,12.77,11.63
15/05/2017,11.42,52468570,11.41,11.6,11.3
12/05/2017,11.26,55993720,11.2,11.4,11.08
11/05/2017,11.07,72878010,10.74,11.26,10.51
10/05/2017,10.79,65893570,10.455,10.85,10.45
09/05/2017,10.18,49726280,10.04,10.4,10.04
08/05/2017,10.04,35068930,10.22,10.22,10
05/05/2017,10.19,51704530,10.13,10.26,9.94
04/05/2017,10.1,76962220,10.55,10.55,9.94
03/05/2017,10.39,140835000,10.29,10.68,9.85
02/05/2017,10.32,267432900,11.73,11.76,10.3
01/05/2017,13.62,63863980,13.43,13.63,13.25
28/04/2017,13.3,50248290,13.73,13.755,13.16
27/04/2017,13.62,31123270,13.43,13.7,13.37
26/04/2017,13.41,36606250,13.42,13.53,13.22
25/04/2017,13.49,35795170,13.24,13.525,13.16
24/04/2017,13.13,36090980,13.23,13.23,13.045
21/04/2017,13,25516800,13.08,13.12,12.9
20/04/2017,13.11,41939040,12.98,13.15,12.88
19/04/2017,12.84,36252160,13.09,13.205,12.8
18/04/2017,12.95,37128380,12.63,12.97,12.58
17/04/2017,12.79,38093970,12.53,12.8,12.37
13/04/2017,12.31,53325260,12.505,12.72,12.22
12/04/2017,12.76,37200530,12.94,13.1,12.74
11/04/2017,13.1,59818640,13.02,13.29,12.71
10/04/2017,13.1,47083720,13.52,13.59,13.04
07/04/2017,13.52,70362040,13.33,13.68,13.22
06/04/2017,13.27,139236400,13.42,13.46,12.83
05/04/2017,14.17,58675610,14.28,14.64,14.1
04/04/2017,14.16,58271440,14.31,14.67,14.03
03/04/2017,14.64,48320200,14.6,14.74,14.3
31/03/2017,14.55,84480730,14.1,14.75,14.01
30/03/2017,14.05,43964720,13.73,14.05,13.65
29/03/2017,13.71,37822400,13.74,13.87,13.63
28/03/2017,13.69,37108080,13.75,13.86,13.55
27/03/2017,13.7,42560780,13.35,13.78,13.21
24/03/2017,13.7,50022400,14.16,14.18,13.54
23/03/2017,13.79,44402540,13.96,14.115,13.77
22/03/2017,14.1,61120500,13.7,14.145,13.55
21/03/2017,13.82,72373080,14.4,14.49,13.78
20/03/2017,14.4,91009110,13.68,14.5,13.54
17/03/2017,13.49,224761700,13.62,13.74,13.36
16/03/2017,13.65,44356700,13.79,13.88,13.65
15/03/2017,13.98,55070770,14.03,14.06,13.62
14/03/2017,14.1,52355490,14,14.15,13.6401
13/03/2017,14.28,72917550,14.475,14.68,14.18
10/03/2017,13.91,62426240,13.5,13.93,13.45
09/03/2017,13.33,45122590,13.45,13.45,13.11
08/03/2017,13.22,71231410,13.25,13.55,13.1
07/03/2017,13.05,76518390,13.07,13.37,12.79
06/03/2017,13.04,117044000,13,13.34,12.38
03/03/2017,13.03,163489100,13.55,13.58,12.79
02/03/2017,13.9,103970100,14.59,14.78,13.87
01/03/2017,14.96,73311380,15.08,15.09,14.52
28/02/2017,14.46,141638700,15.45,15.55,14.35
27/02/2017,15.2,95126330,14.27,15.35,14.27
24/02/2017,14.12,46130900,14,14.32,13.86
23/02/2017,14.32,79900450,14.2,14.45,13.82
22/02/2017,14.28,71394390,14.3,14.5,14.04
21/02/2017,14,66250920,13.41,14.1,13.4
17/02/2017,13.13,40831730,12.79,13.14,12.6
16/02/2017,12.97,52403840,13.25,13.35,12.84
15/02/2017,13.3,33655580,13.2,13.44,13.15
14/02/2017,13.26,40436710,13.43,13.49,13.19
13/02/2017,13.49,57231080,13.7,13.95,13.38
10/02/2017,13.58,54522240,13.86,13.86,13.25
09/02/2017,13.42,72826820,13.78,13.89,13.4
08/02/2017,13.56,75894880,13.21,13.75,13.08
07/02/2017,13.29,158507200,14.05,14.27,13.06
06/02/2017,13.63,139921700,12.46,13.7,12.38
03/02/2017,12.24,59981710,12.37,12.5,12.04
02/02/2017,12.28,116246800,11.98,12.66,11.95
01/02/2017,12.06,165784500,10.9,12.14,10.81
31/01/2017,10.37,51993490,10.6,10.67,10.22
30/01/2017,10.61,37648430,10.62,10.68,10.3
27/01/2017,10.67,32563480,10.6,10.73,10.52
26/01/2017,10.52,35779140,10.35,10.66,10.3
25/01/2017,10.35,61800440,10.74,10.975,10.15
24/01/2017,10.44,43858900,9.95,10.49,9.95
23/01/2017,9.91,27848180,9.68,10.06,9.68
20/01/2017,9.75,27936610,9.88,9.96,9.67
19/01/2017,9.77,46087250,9.92,10.25,9.75
18/01/2017,9.88,51705580,9.54,10.1,9.42
17/01/2017,9.82,70388000,10.17,10.23,9.78
13/01/2017,10.58,38344340,10.79,10.87,10.56
12/01/2017,10.76,75178900,10.98,11.0376,10.33
11/01/2017,11.2,39337330,11.39,11.41,11.15
10/01/2017,11.44,29122540,11.55,11.63,11.33
09/01/2017,11.49,37215840,11.37,11.64,11.31
06/01/2017,11.32,34437560,11.29,11.49,11.11
05/01/2017,11.24,38777380,11.43,11.69,11.23
04/01/2017,11.43,40742680,11.45,11.5204,11.235
03/01/2017,11.43,55114820,11.42,11.65,11.02
30/12/2016,11.34,44033460,11.7,11.78,11.25
29/12/2016,11.59,50180310,11.24,11.62,11.01
28/12/2016,11.55,71072640,12.28,12.42,11.46
27/12/2016,12.07,44168130,11.65,12.08,11.6
23/12/2016,11.58,32232730,11.3,11.6,11.26
22/12/2016,11.6,36015540,11.65,11.75,11.47
21/12/2016,11.47,44688380,11.61,11.72,11.31
20/12/2016,11.51,59184180,11.19,11.51,11.15
19/12/2016,10.95,45999390,10.81,11,10.52
16/12/2016,10.66,77525980,10.94,11.23,10.595
15/12/2016,10.86,48842780,10.68,10.93,10.64
14/12/2016,10.55,46878230,10.43,10.74,10.27
13/12/2016,10.54,46660430,10.75,10.8,10.4
12/12/2016,10.68,63255660,10.4,10.93,10.38
09/12/2016,10.34,60536690,10.38,10.54,9.87
08/12/2016,10.34,104504900,9.9,10.66,9.8
07/12/2016,9.56,54850990,9.65,9.79,9.24
06/12/2016,9.45,92134400,8.95,9.54,8.82
05/12/2016,8.68,31381360,8.69,8.71,8.45
02/12/2016,8.53,42360750,8.38,8.74,8.38
01/12/2016,8.39,56570720,8.92,9.03,8.26
30/11/2016,8.91,36459680,9.02,9.12,8.9
29/11/2016,8.93,54755520,9,9.23,8.85
28/11/2016,8.83,25742810,8.72,8.98,8.72
25/11/2016,8.77,14214120,8.8,8.91,8.69
23/11/2016,8.8,34598200,8.72,8.86,8.5
22/11/2016,8.69,71173480,9.05,9.06,8.54
21/11/2016,8.94,65516810,8.87,9.22,8.86
18/11/2016,8.71,62296240,8.68,8.83,8.4
17/11/2016,8.46,124134000,7.79,8.77,7.77
16/11/2016,7.67,78023390,7.09,7.75,7.07
15/11/2016,6.97,28829650,6.82,7.08,6.79
14/11/2016,6.79,29579310,6.83,6.84,6.61
11/11/2016,6.685,39482720,6.64,6.69,6.47
10/11/2016,6.295,71563110,6.82,6.91,6.22
09/11/2016,6.94,38472230,6.7,7.05,6.64
08/11/2016,7,37610130,6.85,7.18,6.75
07/11/2016,6.96,36971240,6.79,6.99,6.76
04/11/2016,6.56,32194920,6.69,6.72,6.46
03/11/2016,6.7,33643860,6.78,6.79,6.56
02/11/2016,6.76,33787100,7.03,7.055,6.67
01/11/2016,7.09,39879990,7.32,7.425,6.92
31/10/2016,7.23,42324890,7.24,7.46,7.2
28/10/2016,7.2,77242520,7.1,7.53,7.02
27/10/2016,7.11,37679300,7.44,7.46,7.1
26/10/2016,7.29,47599440,7.4,7.48,7.26
25/10/2016,7.5,78807250,6.9,7.5,6.87
24/10/2016,7.005,52974070,6.57,7.01,6.54
21/10/2016,6.52,64204350,6.5,6.65,6.37
20/10/2016,6.96,63892740,6.81,6.98,6.77
19/10/2016,6.77,29364320,6.7,6.8,6.57
18/10/2016,6.73,25179670,6.76,6.89,6.69
17/10/2016,6.67,24204010,6.92,6.97,6.64
14/10/2016,6.75,66892790,6.92,7.12,6.74
13/10/2016,6.49,30396980,6.5,6.54,6.24
12/10/2016,6.62,33575940,6.64,6.77,6.42
11/10/2016,6.5,32469660,6.8,6.84,6.38
10/10/2016,6.84,13766940,6.82,6.94,6.8
07/10/2016,6.75,33050370,6.92,6.96,6.62
06/10/2016,6.96,27049420,6.72,6.98,6.63
05/10/2016,6.78,31212740,6.97,7.01,6.7
04/10/2016,6.97,25745810,7,7.09,6.89
03/10/2016,6.95,30439500,6.95,7.15,6.87
30/09/2016,6.91,47445680,6.7,7.04,6.7
29/09/2016,6.67,30632580,6.57,6.73,6.54
28/09/2016,6.59,27866950,6.57,6.65,6.48
27/09/2016,6.54,30026660,6.45,6.58,6.29
26/09/2016,6.32,29859870,6.54,6.54,6.31
23/09/2016,6.55,60987860,6.31,6.65,6.31
22/09/2016,6.37,35800090,6.35,6.44,6.33
21/09/2016,6.29,33436400,6.2,6.32,6.14
20/09/2016,6.17,28983770,6.23,6.28,6.12
19/09/2016,6.16,37833450,6.12,6.275,6.08
16/09/2016,6.05,47800180,6.22,6.22,5.97
15/09/2016,6.02,52713100,6.09,6.2,5.95
14/09/2016,6.04,64274840,5.75,6.0766,5.75
13/09/2016,5.74,50735660,5.92,5.95,5.66
12/09/2016,5.94,77967340,5.83,6.065,5.77
09/09/2016,5.9,170721100,6.23,6.24,5.85
08/09/2016,6.225,90734570,6.64,6.65,6.15
07/09/2016,6.84,57654100,7.05,7.07,6.78
06/09/2016,7.34,24803060,7.56,7.6,7.25
02/09/2016,7.51,18533130,7.49,7.64,7.38
01/09/2016,7.35,22275730,7.18,7.44,7.09
31/08/2016,7.4,18344870,7.52,7.52,7.28
30/08/2016,7.49,16062950,7.61,7.64,7.41
29/08/2016,7.59,16909330,7.72,7.79,7.57
26/08/2016,7.67,31351740,7.49,7.8,7.46
25/08/2016,7.465,16407060,7.49,7.49,7.2
24/08/2016,7.43,22909510,7.67,7.67,7.37
23/08/2016,7.67,27523800,7.66,7.74,7.53
22/08/2016,7.58,41461470,7.83,7.95,7.37
19/08/2016,7.62,75059970,7.24,8,7.22
18/08/2016,7.04,30704860,6.74,7.07,6.725
17/08/2016,6.68,13785060,6.7,6.75,6.61
16/08/2016,6.78,26737720,6.94,6.94,6.65
15/08/2016,6.95,28330880,6.79,6.97,6.78
12/08/2016,6.73,25464680,6.6,6.79,6.55
11/08/2016,6.58,13140610,6.5,6.59,6.46
10/08/2016,6.49,29037190,6.35,6.58,6.25
09/08/2016,6.6,16761580,6.75,6.78,6.54
08/08/2016,6.68,21442770,6.7,6.85,6.65
05/08/2016,6.61,20155210,6.56,6.76,6.47
04/08/2016,6.47,22400200,6.39,6.61,6.37
03/08/2016,6.3,23789750,6.18,6.45,6.15
02/08/2016,6.26,40797280,6.56,6.6,6.15
01/08/2016,6.64,26702130,6.89,6.92,6.57
29/07/2016,6.86,22576780,6.88,6.96,6.75
28/07/2016,6.82,27498120,6.79,6.98,6.735
27/07/2016,6.85,38538500,6.93,6.98,6.68
26/07/2016,6.98,81172410,6.76,7.1599,6.71
25/07/2016,6.7,118273300,5.93,6.95,5.92
22/07/2016,5.84,101819500,5.73,5.97,5.45
21/07/2016,5.22,39520180,5.43,5.45,5.1
20/07/2016,5.41,20097130,5.48,5.5,5.4
19/07/2016,5.41,23418010,5.5,5.55,5.34
18/07/2016,5.51,38589410,5.19,5.57,5.13
15/07/2016,5.14,14169150,5.2,5.2,5.1
14/07/2016,5.17,20038890,5.15,5.235,5.06
13/07/2016,5.09,13987340,5.14,5.19,5.04
12/07/2016,5.14,20823380,5.01,5.17,5.01
11/07/2016,5.01,21009260,5.13,5.19,5
08/07/2016,5.1,28117990,4.84,5.15,4.82
07/07/2016,5.02,15772980,5.07,5.1,4.94
06/07/2016,5.04,19388990,4.91,5.11,4.9
05/07/2016,4.96,16327740,5.03,5.05,4.875
01/07/2016,5.07,18200080,5.09,5.14,5
30/06/2016,5.14,26091260,5.13,5.19,4.95
29/06/2016,5.13,33081670,5.31,5.4,5.1
28/06/2016,5.12,29160390,4.95,5.185,4.91
27/06/2016,4.72,31105750,4.88,5.05,4.65
24/06/2016,4.88,36694080,4.82,5.0675,4.76
23/06/2016,5.21,29082970,5.17,5.26,5.05
22/06/2016,5.02,47909030,5.46,5.52,4.96
21/06/2016,5.45,35828650,5.1,5.5,5.09
20/06/2016,5.1,43523000,5.39,5.45,5.09
17/06/2016,5.26,64877400,4.75,5.27,4.68
16/06/2016,4.75,34162050,4.5,4.75,4.455
15/06/2016,4.42,11574240,4.44,4.48,4.3
14/06/2016,4.39,16748840,4.4,4.51,4.33
13/06/2016,4.4,13535210,4.32,4.48,4.32
10/06/2016,4.32,15091610,4.4,4.47,4.3
09/06/2016,4.52,16218510,4.41,4.54,4.315
08/06/2016,4.46,16064990,4.54,4.56,4.38
07/06/2016,4.51,20598900,4.56,4.67,4.47
06/06/2016,4.47,21301450,4.2,4.51,4.17
03/06/2016,4.16,17554780,4.16,4.2,4.08
02/06/2016,4.24,35324690,4.37,4.4,4.07
01/06/2016,4.43,29675440,4.6,4.64,4.38
31/05/2016,4.57,25316020,4.67,4.71,4.5
27/05/2016,4.6,34394040,4.39,4.63,4.37
26/05/2016,4.35,22614570,4.19,4.38,4.17
25/05/2016,4.18,24718920,4.24,4.35,4.15
24/05/2016,4.2,34265660,4.09,4.21,3.92
23/05/2016,4.04,35454680,3.9,4.2,3.88
20/05/2016,3.87,13774400,3.83,3.9,3.81
19/05/2016,3.77,17624020,3.83,3.85,3.69
18/05/2016,3.84,19504420,3.79,3.97,3.77
17/05/2016,3.79,20065840,3.8,3.98,3.69
16/05/2016,3.79,14703790,3.67,3.85,3.65
13/05/2016,3.67,16468240,3.56,3.73,3.55
12/05/2016,3.59,9236210,3.65,3.68,3.55
11/05/2016,3.65,7537126,3.61,3.68,3.6
10/05/2016,3.64,9413073,3.66,3.68,3.56
09/05/2016,3.65,16299370,3.66,3.68,3.45
06/05/2016,3.68,11838240,3.65,3.75,3.64
05/05/2016,3.66,21529470,3.64,3.8,3.605
04/05/2016,3.6,8687477,3.54,3.67,3.54
03/05/2016,3.6,13781440,3.7,3.71,3.58
02/05/2016,3.74,16966920,3.58,3.75,3.57
29/04/2016,3.55,17712050,3.69,3.69,3.45
28/04/2016,3.61,20173350,3.69,3.8,3.6
27/04/2016,3.73,24123980,3.55,3.75,3.53
26/04/2016,3.66,36265690,3.45,3.75,3.44
25/04/2016,3.45,80580780,3.81,3.82,3.31
22/04/2016,3.99,143087900,3.19,3.99,3.18
21/04/2016,2.62,13457330,2.65,2.7,2.6
20/04/2016,2.7,7914238,2.62,2.72,2.61
19/04/2016,2.62,11701290,2.78,2.78,2.61
18/04/2016,2.76,8935556,2.67,2.8,2.65
15/04/2016,2.7,7485518,2.72,2.75,2.68
14/04/2016,2.72,8979330,2.77,2.79,2.7
13/04/2016,2.8,8047970,2.78,2.82,2.73
12/04/2016,2.81,16117070,2.79,2.85,2.76
11/04/2016,2.76,9031849,2.76,2.82,2.74
08/04/2016,2.74,8483296,2.7,2.76,2.68
07/04/2016,2.64,13403710,2.76,2.83,2.61
06/04/2016,2.8,12532990,2.75,2.8,2.72
05/04/2016,2.76,9638433,2.76,2.84,2.72
04/04/2016,2.83,5591035,2.83,2.87,2.8
01/04/2016,2.83,8257526,2.79,2.88,2.76
31/03/2016,2.85,9068395,2.84,2.88,2.8
30/03/2016,2.86,14945710,2.88,2.98,2.85
29/03/2016,2.86,13611540,2.74,2.88,2.7
28/03/2016,2.78,7683731,2.81,2.84,2.73
24/03/2016,2.79,10035960,2.69,2.81,2.62
23/03/2016,2.68,10161830,2.8,2.825,2.68
22/03/2016,2.79,10315300,2.73,2.85,2.71
21/03/2016,2.8,13448710,2.9,2.9,2.75
18/03/2016,2.93,26303210,2.8,2.93,2.77
17/03/2016,2.8,28999640,2.77,2.81,2.7
16/03/2016,2.63,12850070,2.5,2.64,2.49
15/03/2016,2.49,21564540,2.67,2.69,2.45
14/03/2016,2.72,33838770,2.53,2.75,2.5
11/03/2016,2.52,21362570,2.29,2.54,2.29
10/03/2016,2.26,9622544,2.29,2.31,2.15
09/03/2016,2.26,13076610,2.32,2.35,2.2
08/03/2016,2.3,10018100,2.44,2.46,2.3
07/03/2016,2.47,8794854,2.36,2.47,2.36
04/03/2016,2.37,15431290,2.42,2.5,2.34
03/03/2016,2.46,22082140,2.32,2.55,2.295
02/03/2016,2.32,10843670,2.2,2.33,2.18
01/03/2016,2.18,9009785,2.16,2.2,2.12
29/02/2016,2.14,11400320,2.06,2.15,2.05
26/02/2016,2.07,7911456,2.04,2.1,2.03
25/02/2016,2.03,5614299,2.02,2.04,1.98
24/02/2016,2.02,6906231,1.98,2.04,1.93
23/02/2016,1.97,6709579,2.04,2.06,1.97
22/02/2016,2.01,9893691,1.94,2.04,1.925
19/02/2016,1.91,7784114,1.93,1.93,1.83
18/02/2016,1.91,10804010,1.93,1.98,1.9
17/02/2016,1.9,13765170,1.85,1.94,1.85
16/02/2016,1.83,11851210,1.86,1.9,1.82
12/02/2016,1.83,9936910,1.89,1.91,1.82
11/02/2016,1.86,7858282,1.82,1.94,1.81
10/02/2016,1.84,9466004,1.92,1.98,1.83
09/02/2016,1.9,14991010,1.89,1.995,1.85
08/02/2016,1.93,11581740,1.97,1.98,1.87
05/02/2016,1.98,7912421,2.06,2.075,1.98
04/02/2016,2.09,8284518,2.06,2.17,2.03
03/02/2016,2.07,9978131,2.04,2.075,1.95
02/02/2016,1.99,11214710,2.11,2.14,1.96
01/02/2016,2.14,8816117,2.17,2.19,2.11
29/01/2016,2.2,11998040,2.09,2.2,2.07
28/01/2016,2.08,7112022,2.16,2.17,2.07
27/01/2016,2.13,10829200,2.08,2.18,2.07
26/01/2016,2.07,11095350,2.14,2.15,2.03
25/01/2016,2.12,13062930,2.01,2.15,2.01
22/01/2016,2.02,16245520,2.11,2.17,1.98
21/01/2016,2.09,26382930,1.82,2.18,1.81
20/01/2016,1.8,29229490,1.81,1.95,1.75
19/01/2016,1.95,18935550,2.08,2.11,1.9
15/01/2016,2.03,21190630,2.1,2.13,1.99
14/01/2016,2.21,15568560,2.29,2.35,2.21
13/01/2016,2.25,12749290,2.4,2.45,2.21
12/01/2016,2.39,17979540,2.4,2.46,2.28
11/01/2016,2.34,19629310,2.16,2.36,2.12
08/01/2016,2.14,31821770,2.36,2.425,2.1
07/01/2016,2.275,22177700,2.43,2.48,2.26
06/01/2016,2.505,23750860,2.66,2.71,2.47
05/01/2016,2.75,12972230,2.77,2.8,2.64
04/01/2016,2.77,32356640,2.77,2.82,2.63
31/12/2015,2.87,11068230,2.97,3.01,2.87
30/12/2015,2.98,10046410,2.99,3.04,2.93
29/12/2015,3,15292210,3.04,3.06,2.97
28/12/2015,3,16048590,2.91,3.02,2.86
24/12/2015,2.92,11900890,2.88,3,2.86
23/12/2015,2.83,30365170,2.76,2.94,2.75
22/12/2015,2.77,24888570,2.55,2.78,2.54
21/12/2015,2.53,6871914,2.47,2.53,2.43
18/12/2015,2.45,17704860,2.51,2.55,2.42
17/12/2015,2.56,11374070,2.52,2.6,2.52
16/12/2015,2.54,19507030,2.39,2.55,2.365
15/12/2015,2.36,7319550,2.35,2.43,2.32
14/12/2015,2.34,7686052,2.36,2.39,2.3
11/12/2015,2.36,11883770,2.41,2.47,2.36
10/12/2015,2.45,13067020,2.36,2.5,2.33
09/12/2015,2.35,8694560,2.37,2.4,2.32
08/12/2015,2.39,9055612,2.34,2.4,2.25
07/12/2015,2.355,8473616,2.26,2.36,2.21
04/12/2015,2.28,4573578,2.23,2.29,2.21
03/12/2015,2.23,7054734,2.25,2.31,2.2
02/12/2015,2.27,7501680,2.31,2.335,2.23
01/12/2015,2.34,5646342,2.36,2.37,2.31
30/11/2015,2.36,9915362,2.34,2.37,2.25
27/11/2015,2.33,2606577,2.37,2.38,2.32
25/11/2015,2.38,6915033,2.36,2.395,2.31
24/11/2015,2.34,15858610,2.2,2.4,2.17
23/11/2015,2.22,4862634,2.22,2.24,2.18
20/11/2015,2.22,10488010,2.14,2.25,2.13
19/11/2015,2.14,4704259,2.1,2.16,2.09
18/11/2015,2.12,8802107,1.99,2.15,1.98
17/11/2015,1.98,5824909,2.01,2.04,1.97
16/11/2015,1.99,4027291,1.99,2.02,1.95
13/11/2015,1.99,5919891,1.99,2.04,1.94
12/11/2015,2,3576405,2.05,2.07,2
11/11/2015,2.07,3530645,2.02,2.09,2.02
10/11/2015,2.02,6160923,2.09,2.1,2.02
09/11/2015,2.11,6231234,2.15,2.18,2.1
06/11/2015,2.15,8996145,2.19,2.21,2.13
05/11/2015,2.2,4302179,2.21,2.24,2.17
04/11/2015,2.2,8205318,2.27,2.3,2.18
03/11/2015,2.28,8704415,2.16,2.29,2.16
02/11/2015,2.19,5851132,2.13,2.19,2.11
30/10/2015,2.12,4897116,2.14,2.15,2.12
29/10/2015,2.13,4496887,2.15,2.18,2.11
28/10/2015,2.18,6950462,2.14,2.2,2.12
27/10/2015,2.15,5740686,2.12,2.16,2.1
26/10/2015,2.15,6313499,2.21,2.21,2.12
23/10/2015,2.21,9554983,2.1,2.21,2.1
22/10/2015,2.14,8207419,2.1,2.16,2.09
21/10/2015,2.1,14961000,2.02,2.12,2.01
20/10/2015,2.02,5574769,2,2.03,1.97
19/10/2015,2.01,10670660,1.91,2.01,1.91
16/10/2015,1.94,21271000,2,2,1.89
15/10/2015,1.97,27268150,1.97,2.06,1.95
14/10/2015,1.95,10182280,1.92,1.96,1.92
13/10/2015,1.92,6687943,1.87,1.94,1.86
12/10/2015,1.87,7687701,1.96,1.96,1.85
09/10/2015,1.96,8625861,1.92,1.96,1.89
08/10/2015,1.93,9197867,1.87,1.9475,1.85
07/10/2015,1.86,7858632,1.82,1.87,1.82
06/10/2015,1.83,8663497,1.8,1.86,1.8
05/10/2015,1.8,7595260,1.82,1.87,1.77
02/10/2015,1.83,7138787,1.76,1.83,1.72
01/10/2015,1.74,5514019,1.77,1.77,1.72
30/09/2015,1.72,5737704,1.7,1.72,1.68
29/09/2015,1.67,7004223,1.67,1.69,1.65
28/09/2015,1.66,5485651,1.69,1.7,1.66
25/09/2015,1.71,5599242,1.75,1.75,1.68
24/09/2015,1.72,11244590,1.68,1.73,1.66
23/09/2015,1.7,9641689,1.76,1.775,1.69
22/09/2015,1.73,9967075,1.8,1.8351,1.715
21/09/2015,1.81,5374258,1.87,1.8969,1.81
18/09/2015,1.87,11798440,1.87,1.92,1.85
17/09/2015,1.89,5824857,1.9,1.94,1.87
16/09/2015,1.89,4926411,1.87,1.9,1.85
15/09/2015,1.86,6520445,1.84,1.87,1.81
14/09/2015,1.82,16452210,2,2,1.81
11/09/2015,2.01,30736690,1.88,2.14,1.81
10/09/2015,1.84,4290325,1.84,1.88,1.83
09/09/2015,1.85,12606140,1.9,1.97,1.83
08/09/2015,1.88,6009499,1.85,1.88,1.83
04/09/2015,1.82,6723794,1.76,1.84,1.76
03/09/2015,1.79,7154181,1.76,1.85,1.76
02/09/2015,1.77,6302617,1.75,1.77,1.72
01/09/2015,1.71,8446010,1.77,1.82,1.71
31/08/2015,1.81,6513566,1.82,1.87,1.79
28/08/2015,1.85,10921540,1.75,1.87,1.75
27/08/2015,1.78,11834720,1.74,1.835,1.74
26/08/2015,1.72,10708420,1.69,1.73,1.66
25/08/2015,1.66,12073250,1.82,1.82,1.66
24/08/2015,1.75,17217370,1.69,1.83,1.65
21/08/2015,1.78,12518960,1.68,1.8,1.68
20/08/2015,1.7,13745160,1.79,1.8,1.7
19/08/2015,1.8,7441178,1.8,1.81,1.76
18/08/2015,1.8,9751510,1.79,1.82,1.75
17/08/2015,1.8,9048949,1.82,1.88,1.795
14/08/2015,1.84,6182510,1.8,1.85,1.79
13/08/2015,1.79,7838435,1.9,1.91,1.79
12/08/2015,1.9,8524768,1.88,1.93,1.84
11/08/2015,1.9,7470926,1.91,1.93,1.88
10/08/2015,1.93,29750000,1.92,1.98,1.82
07/08/2015,2.09,7666911,2.1,2.14,2.06
06/08/2015,2.11,9475520,2.15,2.17,2.1
05/08/2015,2.16,13235970,2.11,2.21,2.1
04/08/2015,2.13,14281870,2.18,2.18,2.05
03/08/2015,2.2,25929210,1.93,2.2,1.9
31/07/2015,1.93,7732694,1.94,1.985,1.92
30/07/2015,1.93,15837440,1.94,1.99,1.88
29/07/2015,1.96,25426480,1.77,1.99,1.76
28/07/2015,1.77,14587100,1.62,1.77,1.62
27/07/2015,1.62,11907530,1.67,1.7,1.61
24/07/2015,1.67,16042430,1.76,1.77,1.65
23/07/2015,1.76,10612790,1.8,1.81,1.75
22/07/2015,1.79,15993970,1.8,1.81,1.76
21/07/2015,1.8,14982920,1.82,1.83,1.78
20/07/2015,1.8,12126610,1.82,1.84,1.77
17/07/2015,1.79,28115700,1.87,1.9,1.74
16/07/2015,1.87,20489440,1.97,2,1.87
15/07/2015,1.96,13509620,2.07,2.09,1.95
14/07/2015,2.05,15809520,2.03,2.06,1.97
13/07/2015,1.96,9049715,1.97,1.99,1.95
10/07/2015,1.96,17493980,2,2.03,1.95
09/07/2015,1.98,23364680,2.04,2.06,1.93
08/07/2015,2.01,15111470,2.07,2.07,2.01
07/07/2015,2.09,46356660,2.04,2.14,2.02
06/07/2015,2.47,19882970,2.46,2.54,2.44
02/07/2015,2.53,31176340,2.43,2.63,2.39
01/07/2015,2.42,19358450,2.47,2.48,2.36
30/06/2015,2.4,19368380,2.43,2.43,2.35
29/06/2015,2.34,22845720,2.41,2.42,2.31
26/06/2015,2.47,97045670,2.54,2.55,2.37
25/06/2015,2.58,18345790,2.62,2.66,2.57
24/06/2015,2.62,17512840,2.6,2.66,2.5699
23/06/2015,2.61,17900880,2.62,2.64,2.55
22/06/2015,2.62,19399200,2.61,2.67,2.58
19/06/2015,2.58,25471000,2.53,2.59,2.46
18/06/2015,2.52,25393210,2.5,2.59,2.48
17/06/2015,2.47,27478700,2.37,2.54,2.35
16/06/2015,2.35,9781194,2.32,2.37,2.32
15/06/2015,2.32,8621427,2.32,2.35,2.29
12/06/2015,2.31,4553446,2.31,2.33,2.3
11/06/2015,2.32,7670984,2.34,2.35,2.31
10/06/2015,2.32,8158497,2.31,2.35,2.3
09/06/2015,2.29,12279660,2.35,2.36,2.28
08/06/2015,2.31,6208936,2.31,2.33,2.29
05/06/2015,2.33,7349656,2.31,2.34,2.29
04/06/2015,2.33,11491820,2.28,2.33,2.26
03/06/2015,2.28,8046887,2.3,2.32,2.28
02/06/2015,2.3,7103022,2.26,2.3,2.25
01/06/2015,2.25,6779356,2.29,2.3,2.25
29/05/2015,2.28,7727023,2.27,2.32,2.25
28/05/2015,2.27,12123430,2.28,2.33,2.27
27/05/2015,2.28,17413660,2.24,2.28,2.2
26/05/2015,2.22,10003490,2.27,2.28,2.22
22/05/2015,2.28,12815880,2.3,2.31,2.27
21/05/2015,2.28,7119698,2.31,2.35,2.28
20/05/2015,2.32,6800595,2.3,2.33,2.28
19/05/2015,2.28,9583275,2.36,2.37,2.28
18/05/2015,2.35,4681622,2.35,2.36,2.33
15/05/2015,2.32,8036913,2.33,2.38,2.32
14/05/2015,2.33,8858710,2.38,2.39,2.33
13/05/2015,2.37,7249043,2.36,2.38,2.35
12/05/2015,2.35,10016600,2.32,2.35,2.3
11/05/2015,2.32,10043790,2.31,2.35,2.31
08/05/2015,2.31,9758803,2.33,2.36,2.3
07/05/2015,2.32,15012520,2.32,2.32,2.26
06/05/2015,2.29,18491600,2.29,2.305,2.24
05/05/2015,2.28,12367660,2.34,2.34,2.25
04/05/2015,2.31,9664705,2.31,2.36,2.3
01/05/2015,2.31,11654300,2.26,2.31,2.25
30/04/2015,2.26,11462370,2.28,2.31,2.26
29/04/2015,2.28,11867040,2.3,2.33,2.27
28/04/2015,2.31,11428850,2.36,2.37,2.31
27/04/2015,2.34,13476680,2.3,2.36,2.29
24/04/2015,2.3,14990940,2.36,2.38,2.3
23/04/2015,2.33,15125260,2.28,2.36,2.26
22/04/2015,2.28,27614960,2.35,2.36,2.25
21/04/2015,2.35,31241710,2.53,2.53,2.35
20/04/2015,2.49,29147160,2.56,2.57,2.45
17/04/2015,2.575,53122450,2.535,2.58,2.45
16/04/2015,2.87,28179120,2.72,2.94,2.7
15/04/2015,2.7,15252720,2.7,2.74,2.65
14/04/2015,2.67,13346730,2.77,2.79,2.65
13/04/2015,2.78,8387343,2.76,2.8,2.73
10/04/2015,2.76,6174922,2.74,2.78,2.73
09/04/2015,2.72,7114736,2.69,2.75,2.69
08/04/2015,2.71,4348785,2.68,2.74,2.68
07/04/2015,2.7,5729175,2.7,2.74,2.69
06/04/2015,2.7,8047911,2.68,2.73,2.68
02/04/2015,2.69,7045863,2.66,2.7,2.65
01/04/2015,2.69,11235510,2.66,2.75,2.65
31/03/2015,2.68,7024181,2.66,2.7,2.65
30/03/2015,2.7,8557807,2.73,2.76,2.655
27/03/2015,2.72,16818630,2.7,2.8,2.63
26/03/2015,2.65,28196150,2.59,2.7,2.53
25/03/2015,2.63,26953530,2.78,2.79,2.56
24/03/2015,2.79,8696232,2.85,2.85,2.76
23/03/2015,2.84,7420847,2.81,2.85,2.8
20/03/2015,2.8,10758700,2.76,2.8,2.74
19/03/2015,2.74,8781601,2.76,2.78,2.73
18/03/2015,2.75,11382790,2.77,2.82,2.72
17/03/2015,2.77,7741149,2.75,2.795,2.7399
16/03/2015,2.76,6130375,2.75,2.81,2.75
13/03/2015,2.75,8098865,2.74,2.78,2.71
12/03/2015,2.76,13825140,2.76,2.79,2.715
11/03/2015,2.84,11750480,2.92,2.945,2.8
10/03/2015,2.92,10276840,2.97,2.98,2.92
09/03/2015,2.93,12262970,2.92,2.98,2.9
06/03/2015,2.92,16785240,2.96,2.99,2.83
05/03/2015,2.98,11471770,3.1,3.1,2.98
04/03/2015,3.05,12113840,3.14,3.14,3.01
03/03/2015,3.14,8644947,3.2,3.23,3.13
02/03/2015,3.21,15629320,3.13,3.23,3.11
27/02/2015,3.11,7149149,3.07,3.12,3.07
26/02/2015,3.08,8680872,3.1,3.125,3.06
25/02/2015,3.1,6151341,3.08,3.14,3.06
24/02/2015,3.11,10901380,3.06,3.115,3.02
23/02/2015,3.06,6318836,3.05,3.1,3.03
20/02/2015,3.06,10667420,3.03,3.13,3.02
19/02/2015,3.055,6565546,3.06,3.08,3.01
18/02/2015,3.08,7282617,3.11,3.135,3.06
17/02/2015,3.11,8674560,3.16,3.17,3.08
13/02/2015,3.15,9585105,3.13,3.18,3.11
12/02/2015,3.12,12972490,3.08,3.15,3.05
11/02/2015,3.07,11739790,3.03,3.1,3
10/02/2015,3.04,13955380,3.07,3.1,3.01
09/02/2015,3.04,24111050,3.03,3.07,2.93
06/02/2015,3.03,38132570,3.2,3.21,3
05/02/2015,3.31,73180050,2.88,3.37,2.87
04/02/2015,2.85,34828280,2.78,2.92,2.76
03/02/2015,2.76,22588940,2.7,2.8,2.68
02/02/2015,2.67,25623000,2.69,2.75,2.65
30/01/2015,2.57,12908080,2.56,2.6,2.51
29/01/2015,2.61,17790200,2.63,2.69,2.51
28/01/2015,2.63,24777570,2.71,2.75,2.6
27/01/2015,2.7,51802420,2.58,2.84,2.56
26/01/2015,2.61,36557460,2.44,2.64,2.44
23/01/2015,2.45,11104020,2.48,2.5,2.43
22/01/2015,2.47,36166280,2.42,2.5,2.37
21/01/2015,2.45,46522910,2.18,2.45,2.14
20/01/2015,2.24,56671860,2.39,2.43,2.19
16/01/2015,2.39,30172610,2.52,2.53,2.39
15/01/2015,2.52,17718760,2.62,2.65,2.49
14/01/2015,2.63,9986012,2.6,2.66,2.58
13/01/2015,2.66,17886250,2.64,2.68,2.6
12/01/2015,2.63,9970828,2.62,2.64,2.55
09/01/2015,2.63,8907568,2.63,2.64,2.58
08/01/2015,2.61,11128830,2.59,2.645,2.56
07/01/2015,2.58,12373330,2.63,2.65,2.54
06/01/2015,2.63,13916650,2.65,2.66,2.55
05/01/2015,2.66,8836156,2.67,2.7,2.64
02/01/2015,2.69,8308172,2.7,2.73,2.64
31/12/2014,2.67,11176420,2.64,2.7,2.64
30/12/2014,2.63,7779228,2.64,2.695,2.63
29/12/2014,2.66,8526993,2.64,2.66,2.63
26/12/2014,2.65,4025955,2.65,2.685,2.65
24/12/2014,2.65,4624005,2.63,2.7,2.63
23/12/2014,2.67,8276449,2.69,2.72,2.66
22/12/2014,2.66,15029630,2.55,2.68,2.52
19/12/2014,2.57,14681910,2.53,2.57,2.51
18/12/2014,2.55,12396250,2.58,2.59,2.54
17/12/2014,2.55,12521260,2.5,2.57,2.46
16/12/2014,2.5,17049330,2.44,2.53,2.42
15/12/2014,2.47,19624310,2.52,2.6,2.46
12/12/2014,2.52,21209540,2.46,2.55,2.35
11/12/2014,2.49,10149260,2.51,2.54,2.46
10/12/2014,2.48,17683630,2.58,2.58,2.46
09/12/2014,2.59,22918520,2.55,2.59,2.49
08/12/2014,2.58,25392300,2.65,2.68,2.52
05/12/2014,2.66,9445695,2.69,2.7,2.66
04/12/2014,2.69,15538960,2.75,2.75,2.66
03/12/2014,2.74,18256490,2.71,2.82,2.69
02/12/2014,2.68,12437740,2.69,2.71,2.61
01/12/2014,2.67,16013070,2.77,2.79,2.64
28/11/2014,2.79,5665011,2.85,2.85,2.77
26/11/2014,2.84,10553450,2.81,2.84,2.8
25/11/2014,2.83,11071560,2.84,2.86,2.76
24/11/2014,2.83,12292640,2.8,2.85,2.8
21/11/2014,2.77,11310550,2.72,2.77,2.71
20/11/2014,2.69,15043310,2.6,2.72,2.59
19/11/2014,2.63,10318360,2.68,2.68,2.61
18/11/2014,2.65,14956310,2.69,2.73,2.63
17/11/2014,2.67,12591610,2.62,2.69,2.61
14/11/2014,2.61,12345720,2.675,2.7,2.61
13/11/2014,2.66,10908430,2.71,2.74,2.65
12/11/2014,2.71,15858140,2.73,2.75,2.65
11/11/2014,2.73,8113460,2.78,2.79,2.72
10/11/2014,2.76,12591390,2.78,2.81,2.75
07/11/2014,2.78,7292980,2.77,2.8,2.76
06/11/2014,2.76,8929950,2.78,2.8,2.75
05/11/2014,2.8,9633141,2.85,2.87,2.77
04/11/2014,2.83,12524310,2.9,2.905,2.75
03/11/2014,2.87,11733620,2.81,2.9,2.81
31/10/2014,2.8,14693080,2.79,2.83,2.75
30/10/2014,2.75,13287070,2.79,2.79,2.7
29/10/2014,2.77,15600870,2.75,2.81,2.73
28/10/2014,2.72,22875480,2.69,2.77,2.67
27/10/2014,2.66,13296570,2.68,2.71,2.65
24/10/2014,2.68,11945350,2.69,2.73,2.67
23/10/2014,2.69,23730660,2.68,2.71,2.6497
22/10/2014,2.64,23005310,2.79,2.795,2.64
21/10/2014,2.77,24021120,2.695,2.78,2.68
20/10/2014,2.67,28699850,2.791,2.795,2.6
17/10/2014,2.72,75804630,2.67,2.86,2.66
16/10/2014,2.64,38604690,2.56,2.715,2.54
15/10/2014,2.61,36155290,2.62,2.705,2.54
14/10/2014,2.62,39925880,2.61,2.75,2.6
13/10/2014,2.74,38102460,2.78,2.845,2.73
10/10/2014,2.72,40991890,2.95,2.95,2.71
09/10/2014,2.95,69483640,3.03,3.2,2.94
08/10/2014,3.28,27327850,3.3,3.3052,3.18
07/10/2014,3.28,17538010,3.35,3.38,3.28
06/10/2014,3.36,17862280,3.415,3.44,3.3
03/10/2014,3.4,16754590,3.43,3.46,3.37
02/10/2014,3.39,27631990,3.37,3.44,3.28
01/10/2014,3.35,33645920,3.39,3.42,3.3
30/09/2014,3.41,55675210,3.56,3.58,3.4
29/09/2014,3.55,26832500,3.56,3.66,3.54
26/09/2014,3.6,12829230,3.63,3.67,3.6
25/09/2014,3.63,17506030,3.7,3.72,3.6
24/09/2014,3.7,11694850,3.71,3.75,3.69
23/09/2014,3.69,16277180,3.76,3.79,3.69
22/09/2014,3.76,14201380,3.81,3.83,3.75
19/09/2014,3.81,22716630,3.93,3.94,3.81
18/09/2014,3.88,16059280,3.88,3.94,3.695
17/09/2014,3.82,24880130,3.82,3.88,3.8
16/09/2014,3.81,40019180,3.89,3.9,3.795
15/09/2014,3.91,18257030,3.98,4.02,3.9
12/09/2014,3.96,14120910,4.06,4.11,3.96
11/09/2014,4.08,8086371,4.03,4.08,4.02
10/09/2014,4.08,13276840,4.08,4.11,4.01
09/09/2014,4.08,8950417,4.15,4.16,4.08
08/09/2014,4.13,8396168,4.13,4.18,4.1
05/09/2014,4.15,6630243,4.17,4.19,4.15
04/09/2014,4.15,12790300,4.185,4.25,4.15
03/09/2014,4.19,9596869,4.17,4.23,4.17
02/09/2014,4.16,12588260,4.16,4.25,4.15
29/08/2014,4.17,7329811,4.15,4.19,4.14
28/08/2014,4.14,10331440,4.14,4.19,4.07
27/08/2014,4.16,7304374,4.2,4.21,4.15
26/08/2014,4.19,9169418,4.17,4.22,4.13
25/08/2014,4.18,8998241,4.27,4.27,4.18
22/08/2014,4.25,8364666,4.22,4.28,4.21
21/08/2014,4.24,11937900,4.29,4.29,4.21
20/08/2014,4.28,11986560,4.25,4.32,4.22
19/08/2014,4.27,23201470,4.2,4.3,4.2
18/08/2014,4.21,45381080,4.14,4.22,4.14
15/08/2014,4.13,33349190,4.12,4.14,4.07
14/08/2014,4.08,26147060,4.1,4.17,4.075
13/08/2014,4.11,30396790,4.08,4.15,4.03
12/08/2014,4.08,27350150,4.12,4.14,4.08
11/08/2014,4.14,29560460,4.03,4.19,3.99
08/08/2014,4.12,27166950,4.1,4.15,4.05
07/08/2014,4.1,32710980,4.14,4.1997,4.07
06/08/2014,4.12,16271150,4.06,4.14,4.03
05/08/2014,4.08,40329770,3.99,4.11,3.97
04/08/2014,4,21361900,3.97,4.02,3.93
01/08/2014,3.97,33526870,3.91,4.015,3.87
31/07/2014,3.91,111968600,3.8,3.99,3.78
30/07/2014,3.82,42863020,3.82,3.88,3.77
29/07/2014,3.79,35962510,3.74,3.84,3.73
28/07/2014,3.73,31418900,3.77,3.78,3.68
25/07/2014,3.76,31603430,3.73,3.79,3.69
24/07/2014,3.73,27808530,3.75,3.8,3.71
23/07/2014,3.76,31619010,3.82,3.83,3.75
22/07/2014,3.8,33652040,3.82,3.86,3.78
21/07/2014,3.78,34111500,3.86,3.87,3.75
18/07/2014,3.83,137034500,3.73,3.84,3.67
17/07/2014,4.57,48897820,4.66,4.68,4.5
16/07/2014,4.66,61560630,4.6,4.77,4.57
15/07/2014,4.53,156094200,4.63,4.8,4.41
14/07/2014,4.64,72964740,4.44,4.65,4.39
11/07/2014,4.37,22304540,4.3,4.4,4.29
10/07/2014,4.29,39243940,4.18,4.36,4.14